slug,primary_topic,secondary_topics,classification_basis,needs_editorial_review
como-comecar-conversa-alem-do-oi,bate-papo,bate-papo,general,True
conversar-sem-parecer-entrevista,bate-papo,bate-papo,general,True
cantadas-engracadas-com-respeito,paquera,bate-papo|paquera,title,False
reciprocidade-sem-adivinhar,paquera,bate-papo|paquera,title,False
convidar-para-um-cafe,paquera,bate-papo|paquera,title,False
aceitar-ou-recusar-convite,paquera,bate-papo|paquera,title,False
fazer-amizades-na-vida-adulta,amizade,bate-papo|amizade,title,False
entrar-em-conversa-de-grupo,amizade,bate-papo|amizade,title,False
conhecer-pessoas-online-com-seguranca,bate-papo,bate-papo,general,True
retomar-amizade-antiga,amizade,bate-papo|amizade,title,False
chat-online-natal-sem-cadastro-conversar-agora,bate-papo,bate-papo,general,True
chat-online-belo-horizonte-sem-cadastro-conversar-agora,bate-papo,bate-papo,general,True
chat-online-recife-sem-cadastro-conversar-agora,bate-papo,bate-papo,general,True
chat-online-salvador-sem-cadastro-conversar-agora,bate-papo,bate-papo,general,True
chat-online-porto-alegre-sem-cadastro-conversar-agora,bate-papo,bate-papo,general,True
chat-online-curitiba-sem-cadastro-conversar-agora,bate-papo,bate-papo,general,True
chat-sem-cadastro-no-celular-como-entrar-agora,bate-papo,bate-papo,general,True
chat-de-voz-gratis-sem-cadastro-como-conversar,bate-papo,bate-papo,general,True
chat-anonimo-seguro-como-conversar-com-privacidade,bate-papo,bate-papo,general,True
chat-gratis-sem-cadastro-como-entrar-agora,bate-papo,bate-papo,general,True
chat-sem-cadastro-como-comecar-agora-com-seguranca,bate-papo,bate-papo,general,True
bate-papo-online-cozinhar-sozinho-iniciante,amizade,bate-papo|amizade,context,True
chat-online-astronomia-amadora-brasil,amizade,bate-papo|amizade,context,True
chat-por-cidade-grupos-corrida-amigos,amizade,bate-papo|amizade,title,False
chat-online-cinema-brasileiro-filmes-series-debate,amizade,bate-papo|amizade,context,True
chat-por-cidade-eventos-culturais-programacao-local,amizade,bate-papo|amizade,context,True
video-chat-gratis-praticar-idiomas-conversa-portugues,amizade,bate-papo|amizade,context,True
bate-papo-online-aquarismo-peixes-plantas-amigos,amizade,bate-papo|amizade,title,False
chat-online-radioamadores-brasil-trocar-experiencias,amizade,bate-papo|amizade,title,False
chat-por-cidade-feiras-livres-compras-locais,amizade,bate-papo|amizade,context,True
bate-papo-online-viagens-onibus-conhecer-destinos-brasil,amizade,bate-papo|amizade,context,True
chat-online-fotografia-urbana-compartilhar-olhares-cidades,amizade,bate-papo|amizade,context,True
chat-online-jogos-tabuleiro-encontrar-parceiros-partidas,jogos,bate-papo|jogos,title,False
chat-online-para-quem-trabalha-a-noite-conversar-fora-do-horario,amizade,bate-papo|amizade,context,True
como-encerrar-conversa-chat-online-sem-ser-grosseiro,bate-papo,bate-papo,general,True
video-chat-gratis-aprender-receitas-regionais-brasileiras,amizade,bate-papo|amizade,context,True
chat-online-para-pessoas-acima-de-50-anos-fazer-amigos,amizade,bate-papo|amizade,title,False
etiqueta-chat-de-voz-online-como-conversar-bem,bate-papo,bate-papo,general,True
seguranca-primeiro-contato-chat-online-dicas-praticas,amizade,bate-papo|amizade,context,True
chat-online-culinaria-receitas-brasileiras,amizade,bate-papo|amizade,title,False
chat-online-fotografia-celular-brasil,amizade,bate-papo|amizade,context,True
fazer-amigos-online-caminhada-trilhas-brasil,amizade,bate-papo|amizade,title,False
chat-online-condominio-vizinhos-convivencia-brasil,bate-papo,bate-papo,general,True
chat-online-historia-brasil-conversar-epocas,bate-papo,bate-papo,general,True
chat-online-trocar-livros-leitores-brasil,amizade,bate-papo|amizade,context,True
alternativa-bate-papo-uol-como-escolher-chat-seguro,alternativas-uol,bate-papo|alternativas-uol,title,False
chat-online-aprender-idiomas-brasil-conversacao,amizade,bate-papo|amizade,context,True
video-chat-gratis-familia-distante-conversar-com-seguranca,amizade,bate-papo|amizade,context,True
bate-papo-online-xadrez-amigos-partidas-casuais,amizade,bate-papo|amizade,title,False
chat-online-fotografia-celular-compartilhar-dicas,amizade,bate-papo|amizade,context,True
chat-online-observacao-aves-brasil-amigos-natureza,amizade,bate-papo|amizade,title,False
chat-online-desenho-ilustracao-compartilhar-processo-criativo,amizade,bate-papo|amizade,context,True
chat-online-voluntariado-encontrar-pessoas-que-querem-ajudar,amizade,bate-papo|amizade,context,True
video-chat-gratis-tocar-musica-juntos-comunidade-musical,amizade,bate-papo|amizade,context,True
chat-online-aprender-libras-praticar-comunicacao,amizade,bate-papo|amizade,context,True
chat-por-cidade-encontrar-parceiros-caminhada-brasil,amizade,bate-papo|amizade,context,True
video-chat-gratis-cozinhar-com-outras-pessoas-online,amizade,bate-papo|amizade,title,False
bate-papo-online-para-quem-nao-sabe-o-que-dizer,amizade,bate-papo|amizade,context,True
chat-online-para-conhecer-pessoas-com-os-mesmos-valores,amizade,bate-papo|amizade,context,True
chat-online-para-encontrar-companhia-em-dias-dificeis,amizade,bate-papo|amizade,title,False
chat-online-para-leitores-clube-livros-brasil,amizade,bate-papo|amizade,context,True
fazer-amigos-online-por-hobbies-interesses-comuns,amizade,bate-papo|amizade,title,False
video-chat-gratis-familia-distancia-conectar,bate-papo,bate-papo,general,True
alternativa-bate-papo-uol-como-escolher-chat-brasileiro,alternativas-uol,bate-papo|alternativas-uol,title,False
chat-online-brasil-como-conversar-sem-expor-vida-pessoal,amizade,bate-papo|amizade,context,True
fazer-amigos-online-apos-mudar-de-cidade-guia-pratico,amizade,bate-papo|amizade,title,False
alternativa-bate-papo-uol-para-adultos-maduros,alternativas-uol,bate-papo|alternativas-uol,title,False
chat-online-para-pais-solo-conversar-sem-julgamento,amizade,bate-papo|amizade,context,True
video-chat-gratis-acessibilidade-deficiencia-conversar,bate-papo,bate-papo,general,True
bate-papo-online-rotina-estudos-foco-companhia,amizade,bate-papo|amizade,title,False
chat-online-brasil-conversar-sobre-filmes-nacionais,amizade,bate-papo|amizade,context,True
chat-por-cidade-encontrar-programas-fim-de-semana-local,amizade,bate-papo|amizade,context,True
chat-online-brasileiros-no-exterior-conversar-portugues,amizade,bate-papo|amizade,context,True
chat-por-cidade-privacidade-seguranca-conversas-locais,amizade,bate-papo|amizade,context,True
como-iniciar-conversa-chat-online-primeira-mensagem,amizade,bate-papo|amizade,context,True
alternativa-bate-papo-uol-estudantes-universitarios,alternativas-uol,bate-papo|alternativas-uol|amizade,title,True
chat-online-colecionadores-hobbies-brasil,amizade,bate-papo|amizade,context,True
chat-por-cidade-eventos-culturais-agenda-local,amizade,bate-papo|amizade,context,True
bate-papo-online-hortas-varandas-jardinagem-urbana,amizade,bate-papo|amizade,title,False
chat-online-fotografia-amadores-aprender-compartilhar-olhares,amizade,bate-papo|amizade,title,False
chat-online-musicos-amadores-parcerias-musicais-brasil,amizade,bate-papo|amizade,context,True
bate-papo-online-para-praticar-idiomas-com-brasileiros,amizade,bate-papo|amizade,context,True
chat-online-brasil-para-quem-nao-gosta-de-redes-sociais,amizade,bate-papo|amizade,context,True
video-chat-gratis-para-noite-de-filmes-e-series,amizade,bate-papo|amizade,title,False
chat-online-clube-leitura-compartilhar-livros,amizade,bate-papo|amizade,title,False
chat-por-cidade-brasil-planejar-passeios-turismo-local,amizade,bate-papo|amizade,context,True
video-chat-gratis-conectar-geracoes-familia-distante,amizade,bate-papo|amizade,title,False
alternativa-bate-papo-uol-como-escolher-chat-moderno,alternativas-uol,bate-papo|alternativas-uol,title,False
chat-por-cidade-brasil-como-encontrar-pessoas-perto,amizade,bate-papo|amizade,context,True
video-chat-gratis-primeira-conversa-camera-dicas,amizade,bate-papo|amizade,context,True
alternativa-bate-papo-uol-comunidades-conversa-moderna,alternativas-uol,bate-papo|alternativas-uol,title,False
bate-papo-online-culinaria-receitas-trocar-dicas-cozinha,amizade,bate-papo|amizade,context,True
chat-online-fas-podcasts-encontrar-pessoas-mesmo-gosto,amizade,bate-papo|amizade,context,True
bate-papo-online-no-transporte-publico-conversar-deslocamento,bate-papo,bate-papo,general,True
fazer-amigos-online-trabalho-turnos-rotina-invertida,amizade,bate-papo|amizade,title,False
video-chat-gratis-poucos-dados-internet-limitada,bate-papo,bate-papo,general,True
chat-online-acessibilidade-pessoas-deficiencia-conversar,amizade,bate-papo|amizade,context,True
chat-online-por-interesses-encontrar-pessoas-parecidas,amizade,bate-papo|amizade,context,True
etiqueta-bate-papo-online-como-conversar-respeito,amizade,bate-papo|amizade,context,True
bate-papo-online-pos-ferias-volta-rotina-agosto-chat-ajuda-transicao,amizade,bate-papo|amizade,context,True
chat-online-domingo-noite-ansiedade-segunda-brasil-conversa-alivia,amizade,bate-papo|amizade,context,True
chat-online-pais-maes-noite-apos-criancas-dormirem-conversa-adulta,adultos,bate-papo|adultos,title,False
chat-por-cidade-interior-brasil-pequenas-cidades,amizade,bate-papo|amizade,context,True
bate-papo-online-agosto-meio-ano-conversar-vontade-renovada,amizade,bate-papo|amizade,context,True
chat-online-mora-sozinho-silencio-companhia-conversa,amizade,bate-papo|amizade,title,False
chat-online-empreendedores-brasil-networking-conversas-negocios,amizade,bate-papo|amizade,context,True
bate-papo-online-fas-futebol-brasil-jogadores-torcedores,jogos,bate-papo|jogos,context,True
chat-online-apos-licenca-maternidade-paternidade-reconectar-social,amizade,bate-papo|amizade,title,False
chat-online-mudar-cidade-reconstruir-vida-social,amizade,bate-papo|amizade,title,False
bate-papo-online-madrugada-brasil-conversar-noite,bate-papo,bate-papo,general,True
alternativa-bate-papo-uol-salas-chat-funcionam-2026,alternativas-uol,bate-papo|alternativas-uol,title,False
chat-online-quem-chegou-brasil-imigrantes-expats-conexao,amizade,bate-papo|amizade,context,True
bate-papo-online-humor-brasileiro-rir-juntos-conexao-instantanea,amizade,bate-papo|amizade,context,True
chat-online-hora-almoco-brasileiros-pausa-dia-conversar,amizade,bate-papo|amizade,context,True
chat-online-dia-pais-presente-conexao-digital-agosto,amizade,bate-papo|amizade,context,True
fazer-amigos-online-mudou-cidade-recomecar-vida-social,amizade,bate-papo|amizade,title,False
video-chat-gratis-conversar-estrangeiros-portugues-intercambio,amizade,bate-papo|amizade,context,True
chat-online-home-office-solidao-trabalho-remoto,bate-papo,bate-papo,general,True
bate-papo-online-autoestima-conversar-desconhecidos-confianca,amizade,bate-papo|amizade,context,True
chat-por-cidade-vizinhos-online-habito-brasileiro,amizade,bate-papo|amizade,context,True
chat-online-brasil-geracoes-unidas-conversa-digital,amizade,bate-papo|amizade,context,True
fazer-amigos-online-depois-dos-40-melhor-idade-conexoes-digitais,amizade,bate-papo|amizade,title,False
bate-papo-online-empatia-digital-conversar-desconhecidos-torna-humanos,amizade,bate-papo|amizade,context,True
chat-online-seguranca-privacidade-guia-proteger-dados-pessoais,bate-papo,bate-papo,general,True
conversar-online-mesma-idade-geracoes-usam-chat-brasil,amizade,bate-papo|amizade,context,True
bate-papo-online-curiosidades-fatos-historia-chat-brasil,alternativas-uol,bate-papo|alternativas-uol|amizade,context,True
bate-papo-online-saude-mental-ciencia-conversar-desconhecidos,amizade,bate-papo|amizade,context,True
chat-online-brasileiros-exterior-saudade-brasil-mais-perto,amizade,bate-papo|amizade,context,True
bate-papo-online-estudantes-conversar-enquanto-estuda,amizade,bate-papo|amizade,context,True
chat-online-brasil-saida-instagram-volta-bate-papo,amizade,bate-papo|amizade,context,True
alternativa-bate-papo-uol-porque-brasileiros-trocando-salas-antigas,alternativas-uol,bate-papo|alternativas-uol,title,False
chat-online-morar-sozinho-companhia-conversa-ninguem-em-casa,amizade,bate-papo|amizade,title,False
fazer-amigos-online-universidade-faculdade-chat-estudantes,amizade,bate-papo|amizade,title,False
bate-papo-online-pet-lovers-amigos-animais-estimacao-chat,amizade,bate-papo|amizade,title,False
alternativa-bate-papo-uol-saudade-nostalgia-plataformas-modernas,alternativas-uol,bate-papo|alternativas-uol,title,False
chat-online-fim-de-semana-sabado-domingo-programa-sem-sair-casa,amizade,bate-papo|amizade,context,True
chat-online-por-estado-brasil-conhecer-gente-todas-regioes,bate-papo,bate-papo,general,True
chat-por-cidade-vizinhos-digitais-amizades-locais-brasil,amizade,bate-papo|amizade,title,False
bate-papo-online-arte-sair-primeira-mensagem-nao-parar-oi-tudo-bem,amizade,bate-papo|amizade,context,True
fazer-amigos-online-mudar-estado-reconstruir-vida-social-terras-desconhecidas,amizade,bate-papo|amizade,title,False
bate-papo-online-home-office-solidao-trabalho-remoto,amizade,bate-papo|amizade,context,True
alternativa-bate-papo-uol-nova-plataforma-chat-brasil,alternativas-uol,bate-papo|alternativas-uol,title,False
chat-online-brasil-geracoes-z-millennials-x-boomers-bate-papo,alternativas-uol,bate-papo|alternativas-uol,context,True
chat-online-home-office-solidao-trabalho-remoto-brasil,bate-papo,bate-papo,general,True
bate-papo-online-culturezinho-brasileiro-chat-substitui-pausa-cafe,bate-papo,bate-papo,general,True
chat-online-pais-maes-compania-apoio-bate-papo-virtual,amizade,bate-papo|amizade,title,False
bate-papo-online-volta-as-aulas-escola-faculdade-amigos,amizade,bate-papo|amizade,title,False
fazer-amigos-online-autoconhecimento-conversar-descobrir-quem-voce-e,amizade,bate-papo|amizade,title,False
alternativa-bate-papo-uol-2026-chat-sem-cadastro-sem-app-sem-fila,alternativas-uol,bate-papo|alternativas-uol,title,False
chat-online-depois-dos-50-amizade-nova-fase-vida,amizade,bate-papo|amizade,title,False
bate-papo-online-jogo-futebol-torcer-juntos-brasil,jogos,bate-papo|jogos,title,False
alternativa-bate-papo-uol-guia-completo-chat-moderno-2026,alternativas-uol,bate-papo|alternativas-uol,title,False
alternativa-bate-papo-uol-por-que-brasileiros-migraram-chat-moderno,alternativas-uol,bate-papo|alternativas-uol,title,False
chat-online-brasileiros-exterior-saudade-portugues-conexao,amizade,bate-papo|amizade,context,True
fazer-amigos-online-depois-dos-40-guia-completo-adultos,amizade,bate-papo|amizade,title,False
bate-papo-online-hip-hop-rap-cultura-urbana-brasil,bate-papo,bate-papo,general,True
chat-online-sustentabilidade-meio-ambiente-ecologia-brasil,amizade,bate-papo|amizade,context,True
bate-papo-online-organizacao-pessoal-disciplina-accountability-brasil,amizade,bate-papo|amizade,context,True
bate-papo-online-jogos-futebol-brasil,jogos,bate-papo|jogos,title,False
chat-online-turno-noite-madrugada-trabalhadores,amizade,bate-papo|amizade,title,False
chat-online-pais-maes-solidao-criancas-conversa-adulta,adultos,bate-papo|adultos,title,False
chat-online-depois-do-trabalho-descompressao-rotina-brasileiros,amizade,bate-papo|amizade,context,True
alternativa-bate-papo-uol-por-que-brasileiros-migraram,alternativas-uol,bate-papo|alternativas-uol,title,False
fazer-amigos-online-apos-separacao-divorcio-reconstruir-vida-social,amizade,bate-papo|amizade,title,False
chat-online-ferias-julho-inverno-brasil,amizade,bate-papo|amizade,context,True
como-manter-conversa-viva-chat-online-sem-gaguejar,amizade,bate-papo|amizade,context,True
video-chat-gratis-festas-virtuais-comemorar-online-amigos,amizade,bate-papo|amizade,title,False
bate-papo-online-saude-mental-conversa-combate-solidao-digital,bate-papo,bate-papo,general,True
video-chat-gratis-brasileiros-trocando-texto-video-2026,amizade,bate-papo|amizade,context,True
chat-online-saude-mental-depressao-ansiedade-apoio-brasil,bate-papo,bate-papo,general,True
por-que-brasileiros-trocando-grupos-whatsapp-chat-online,amizade,bate-papo|amizade,title,False
chat-online-apos-divorcio-separacao-reconstruir-vida-social-brasil,amizade,bate-papo|amizade,title,False
bate-papo-online-poder-desabafo-conversar-alivia,amizade,bate-papo|amizade,context,True
chat-online-brasil-mudar-carreira-conversa-transicao,amizade,bate-papo|amizade,context,True
video-chat-gratis-vencer-timidez-camera-primeiro-clique,bate-papo,bate-papo,general,True
chat-online-memoria-exercita-cerebro-melhora-cognicao,bate-papo,bate-papo,general,True
bate-papo-online-dias-frio-chuva-chat-aquece-brasil,amizade,bate-papo|amizade,context,True
chat-online-reinvencao-pessoal-comecar-de-novo-conversa,amizade,bate-papo|amizade,context,True
bate-papo-online-sabado-noite-alternativa-balada,amizade,bate-papo|amizade,context,True
chat-online-apos-separacao-reconstruir-vida-social-divorcio,amizade,bate-papo|amizade,title,False
chat-online-hora-do-jogo-torcer-juntos-brasil,jogos,bate-papo|jogos,title,False
chat-online-domingo-tarde-brasil,amizade,bate-papo|amizade,context,True
chat-online-fas-sertanejo-brasil,amizade,bate-papo|amizade,context,True
chat-online-investidores-brasil-conversar-dinheiro,bate-papo,bate-papo,general,True
bate-papo-online-carro-transito-conversar-engarrafamento,bate-papo,bate-papo,general,True
chat-online-festas-juninas-sao-joao-junho-brasil,amizade,bate-papo|amizade,context,True
como-conversar-melhor-chat-online-tecnicas-habilidade-social,amizade,bate-papo|amizade,context,True
chat-online-antes-dormir-relaxar-conversar-noite,bate-papo,bate-papo,general,True
amizades-verdadeiras-internet-diferenca-seguidores-amigos,amizade,bate-papo|amizade,title,False
bater-papo-online-celular-sem-baixar-app-guia-completo,amizade,bate-papo|amizade,context,True
chat-online-em-grupo-como-funciona-salas-coletivas,amizade,bate-papo|amizade,title,False
fazer-amigos-online-verao-ferias-brasil-conexoes,amizade,bate-papo|amizade,title,False
conversar-online-pessoas-diferentes-perspectiva-nova-mundo,bate-papo,bate-papo,general,True
bate-papo-online-por-que-voltamos-para-o-chat-em-2026,amizade,bate-papo|amizade,context,True
chat-online-texto-audio-video-quando-usar-cada-formato,amizade,bate-papo|amizade,context,True
fazer-amigos-online-conversa-casual-amizade-verdadeira,amizade,bate-papo|amizade,title,False
chat-online-brasil-habitos-conversa-dados-estatisticas,bate-papo,bate-papo,general,True
bate-papo-online-5-erros-afugentam-pessoas,amizade,bate-papo|amizade,context,True
chat-por-cidade-encontrar-pessoas-regiao-amizades-tela,amizade,bate-papo|amizade,title,False
fazer-amigos-online-arte-contar-historias-conexoes,amizade,bate-papo|amizade,title,False
bate-papo-online-quem-se-sente-invisivel-chat-devolve-voz,amizade,bate-papo|amizade,context,True
chat-online-brasil-tipos-conversadores-como-lidar-cada-um,amizade,bate-papo|amizade,context,True
chat-online-brasil-prosa-interior-chegou-bate-papo-digital,amizade,bate-papo|amizade,context,True
bate-papo-online-quando-chat-substituiu-roda-conversa-esquina,amizade,bate-papo|amizade,context,True
chat-por-cidade-girias-sotaques-conectam-instantaneamente,amizade,bate-papo|amizade,context,True
chat-online-brasil-eleicoes-2026-praca-publica-digital,bate-papo,bate-papo,general,True
fazer-amigos-online-ferias-tempo-livre-guia,amizade,bate-papo|amizade,title,False
bate-papo-online-superar-procrastinacao-produtividade,bate-papo,bate-papo,general,True
chat-por-signo-astrologia-encontrar-pessoas-compativeis-brasil,amizade,bate-papo|amizade,context,True
chat-churrasco-brasil-bater-papo-enquanto-carne-fogo,amizade,bate-papo|amizade,context,True
cafe-chat-online-brasil-conversa-matinal-substitui-cafe-solo,amizade,bate-papo|amizade,context,True
bate-papo-online-boteco-digital-brasileiros,bate-papo,bate-papo,general,True
fazer-amigos-online-quem-mudou-cidade-recomecar-vida-social,amizade,bate-papo|amizade,title,False
video-chat-gratis-por-que-conversar-vendo-rosto-conecta-mais,bate-papo,bate-papo,general,True
como-se-apresentar-chat-online-primeira-impressao,bate-papo,bate-papo,general,True
chat-online-geracao-z-jovens-bate-papo,amizade,bate-papo|amizade,context,True
chat-online-madrugada-porque-1h-e-melhor-horario,bate-papo,bate-papo,general,True
bate-papo-antes-dormir-conversar-noite-relaxar,amizade,bate-papo|amizade,context,True
chat-online-brasil-sinais-precisa-conversar-hoje,amizade,bate-papo|amizade,context,True
fazer-amigos-online-quando-todo-mundo-ocupado-achar-quem-quer-conversar,amizade,bate-papo|amizade,title,False
chat-online-morar-republica-estudantes-moradia-compartilhada,amizade,bate-papo|amizade,context,True
chat-por-voz-madrugada-conversar-audio-noite-brasil,bate-papo,bate-papo,general,True
chat-online-recem-chegados-brasil-imigrantes-acolhida-digital,bate-papo,bate-papo,general,True
chat-online-brasil-como-escolher-sala-perfil-personalidade,bate-papo,bate-papo,general,True
fazer-amigos-online-por-que-conexoes-verdadeiras-valem-mais-que-seguidores,amizade,bate-papo|amizade,title,False
bate-papo-online-bem-estar-rotina-5-minutos-muda-tudo,amizade,bate-papo|amizade,context,True
chat-online-neurociencia-ciencia-conversar-desconhecidos,bate-papo,bate-papo,general,True
bate-papo-online-mudanca-habitos-comunidade-apoio,bate-papo,bate-papo,general,True
video-chat-gratis-iniciante-sem-medo-camera-guia,amizade,bate-papo|amizade,context,True
chat-online-sem-app-navegador-celular-pc-2026,amizade,bate-papo|amizade,context,True
fazer-amigos-online-rapido-dicas-conversa-instantanea,amizade,bate-papo|amizade,title,False
bate-papo-online-noite-insônia-conversar-madrugada,amizade,bate-papo|amizade,context,True
chat-online-jardinagem-comunidade-verde-brasil,amizade,bate-papo|amizade,context,True
bate-papo-online-voluntariado-conectar-quem-faz-diferenca,bate-papo,bate-papo,general,True
video-chat-gratis-turistas-locais-brasil-revelam-cidade,bate-papo,bate-papo,general,True
bate-papo-online-aliviar-estresse-ansiedade-dia-a-dia,bate-papo,bate-papo,general,True
fazer-amigos-online-sem-redes-sociais-detox-digital,amizade,bate-papo|amizade,title,False
solidao-nas-grandes-cidades-chat-online-metropoles-brasil,bate-papo,bate-papo,general,True
chat-online-brasil-algoritmo-fadiga-redes-sociais,bate-papo,bate-papo,general,True
bate-papo-online-cultura-brasileira-conexao-digital,bate-papo,bate-papo,general,True
video-chat-gratis-seguranca-camera-privacidade-guia,amizade,bate-papo|amizade,context,True
chat-online-como-sair-de-conversa-educadamente,bate-papo,bate-papo,general,True
chat-online-sinais-conversa-vale-pena-continuar,amizade,bate-papo|amizade,context,True
fazer-amigos-online-mitos-verdades-2026,amizade,bate-papo|amizade,title,False
bate-papo-online-curiosidade-o-que-aprende-conversando-estranhos,bate-papo,bate-papo,general,True
chat-online-brasil-tradicoes-familiares-digitais-bate-papo,bate-papo,bate-papo,general,True
fazer-amigos-online-fora-zona-conforto-conversar-pessoas-diferentes,amizade,bate-papo|amizade,title,False
chat-online-fas-danca-forro-samba-funk-brasil,amizade,bate-papo|amizade,context,True
chat-online-yoga-bem-estar-mindfulness-brasil,amizade,bate-papo|amizade,context,True
chat-online-artesaos-artesanato-comunidade-criativa-brasil,amizade,bate-papo|amizade,context,True
bate-papo-online-15-minutos-amizades-verdadeiras,amizade,bate-papo|amizade,title,False
chat-por-cidade-encontrar-pessoas-mesma-regiao,amizade,bate-papo|amizade,title,False
fazer-amigos-online-depois-dos-30-dificuldade-solucao,amizade,bate-papo|amizade,title,False
chat-online-profissionais-saude-medicos-enfermeiros-brasil,amizade,bate-papo|amizade,context,True
chat-online-financas-pessoais-dicas-dinheiro-brasil,bate-papo,bate-papo,general,True
chat-online-moda-estilo-pessoal-brasil-comunidade-fashion,bate-papo,bate-papo,general,True
chat-online-transicao-carreira-networking-sem-pressao,bate-papo,bate-papo,general,True
bate-papo-online-podcast-ouvintes-comunidade-brasil,amizade,bate-papo|amizade,context,True
chat-online-resiliencia-autoconfianca-conversar-desconhecidos,amizade,bate-papo|amizade,context,True
chat-online-vergonha-social-superar-timidez-digital,bate-papo,bate-papo,general,True
chat-online-morar-sozinho-combater-isolamento,bate-papo,bate-papo,general,True
bate-papo-online-trabalho-pausa-virtual-produtividade,bate-papo,bate-papo,general,True
chat-online-criatividade-conversas-liberam-ideias,bate-papo,bate-papo,general,True
chat-online-substituindo-tv-passatempo-noturno,amizade,bate-papo|amizade,context,True
chat-online-retomada-vida-social-pos-pandemia-2026,amizade,bate-papo|amizade,title,False
7-habitos-pessoas-fazem-amigos-reais-chat-online,amizade,bate-papo|amizade,title,False
por-que-brasileiros-trocando-apps-namoro-chat-online,paquera,bate-papo|paquera,title,False
chat-online-guia-primeira-vez-iniciantes,amizade,bate-papo|amizade,context,True
bate-papo-online-manha-rotina-conversar-cedo,bate-papo,bate-papo,general,True
fazer-amigos-online-brasileiros-extrovertidos-timidos-chat,amizade,bate-papo|amizade,title,False
chat-por-cidade-brasil-descobrir-bairro-vizinhanca-local,bate-papo,bate-papo,general,True
chat-online-melhorar-escuta-ativa-comunicacao,amizade,bate-papo|amizade,context,True
chat-online-relacionamento-toxico-reconstruir-autoestima,amizade,bate-papo|amizade,context,True
chat-online-vergonha-camera-fazer-amigos-sem-aparecer,amizade,bate-papo|amizade,title,False
bate-papo-online-surpresa-ideias-brilhantes-serendipia,bate-papo,bate-papo,general,True
fazer-amigos-online-apos-aposentar-nova-fase-vida,amizade,bate-papo|amizade,title,False
chat-online-brasil-humor-rir-desconhecidos-amizades-verdadeiras,amizade,bate-papo|amizade,title,False
chat-online-imigrantes-no-brasil-estrangeiros-comunidade,bate-papo,bate-papo,general,True
bate-papo-online-hora-almoco-pausa-trabalho-conectar,amizade,bate-papo|amizade,context,True
chat-online-pausa-mental-produtividade-bem-estar-digital,bate-papo,bate-papo,general,True
chat-online-humor-risada-bem-estar-mental,amizade,bate-papo|amizade,context,True
chat-por-estado-brasil-encontrar-pessoas-regiao,amizade,bate-papo|amizade,context,True
chat-online-meia-idade-40-melhor-momento-conversar,adultos,bate-papo|adultos|amizade,context,True
chat-online-primeira-vez-guia-iniciantes-brasil-2026,bate-papo,bate-papo,general,True
amizades-online-viraram-reais-historias-brasileiros-chat,amizade,bate-papo|amizade,title,False
bate-papo-online-gratis-2026-como-comecar-conversar-agora,bate-papo,bate-papo,general,True
chat-online-brasileiros-retornados-exterior,amizade,bate-papo|amizade,context,True
video-chat-gratis-praticar-entrevistas-emprego,bate-papo,bate-papo,general,True
chat-saudade-bate-papo-antigo-nostalgia-comunidade,alternativas-uol,bate-papo|alternativas-uol,context,True
chat-online-ansiedade-social-praticar-conversas-exposicao-gradual,bate-papo,bate-papo,general,True
chat-online-trocar-receitas-dicas-culinarias-comunidade-cozinheiros,amizade,bate-papo|amizade,context,True
chat-online-autoestima-conversar-desconhecidos-transformar-confianca,bate-papo,bate-papo,general,True
chat-por-cidade-quem-mudou-reconstruir-vida-social-nova-cidade,amizade,bate-papo|amizade,title,False
bate-papo-online-estudantes-concursos-ead-isolamento-preparacao,bate-papo,bate-papo,general,True
chat-sem-cadastro-brasil-conversar-agora,bate-papo,bate-papo,general,True
roleta-chat-brasil-conhecer-pessoas-aleatorio,bate-papo,bate-papo,general,True
chat-para-fazer-amigos-brasil-conexoes-reais,amizade,bate-papo|amizade,title,False
chat-online-saude-mental-beneficios-psicologicos,bate-papo,bate-papo,general,True
chat-online-gamers-casuais-brasil,jogos,bate-papo|jogos,title,False
chat-online-namorais-relacionamentos-digitais,amizade,bate-papo|amizade,context,True
chat-em-grupo-brasil-conversas-simultaneas,amizade,bate-papo|amizade,title,False
chat-encontrar-amigos-para-sempre-conexoes-reais,amizade,bate-papo|amizade,title,False
chat-aleatorio-brasil-alternativa-omegle-2026,bate-papo,bate-papo,general,True
chat-online-freelancers-remote-workers-combater-isolamento,bate-papo,bate-papo,general,True
chat-online-cuidadores-encontre-apoio-conexao,bate-papo,bate-papo,general,True
chat-online-pessoas-introvertidas-encontre-conexao,bate-papo,bate-papo,general,True
como-fazer-amigos-online-brasil-conectar-pessoas,amizade,bate-papo|amizade,title,False
chat-por-cidade-brasil-encontre-pessoas-da-sua-regiao,bate-papo,bate-papo,general,True
chat-texto-online-sem-camera-conversar-digitando,bate-papo,bate-papo,general,True
conhecer-pessoas-online-gratis-brasil,amizade,bate-papo|amizade,context,True
chat-nacional-brasil-conhecer-todo-pais,bate-papo,bate-papo,general,True
bate-papo-online-gratis-sem-compromisso,bate-papo,bate-papo,general,True
chat-online-para-timidos-brasil,bate-papo,bate-papo,general,True
chat-por-cidade-brasil,amizade,bate-papo|amizade,context,True
video-chat-gratis-brasil,amizade,bate-papo|amizade,context,True
fazer-amigos-online-guia-2026,amizade,bate-papo|amizade,title,False
chat-por-cidade-brasil-encontre-pessoas,amizade,bate-papo|amizade,context,True
chat-gratis-sem-cadastro-imediato,bate-papo,bate-papo,general,True
fazer-amigos-online-brasil-conexoes-reais,amizade,bate-papo|amizade,title,False
video-chat-gratis-em-grupo-conhecer-varias-pessoas,amizade,bate-papo|amizade,title,False
chat-gratis-sem-compromisso-bate-papo-leve,bate-papo,bate-papo,general,True
chat-por-cidade-brasil-encontre-sua-regiao,amizade,bate-papo|amizade,context,True
video-chat-gratis-sem-cadastro-instantaneo,bate-papo,bate-papo,general,True
como-fazer-amigos-online-brasil-2026,amizade,bate-papo|amizade,title,False
video-chat-gratis-navegador-sem-instalacao,bate-papo,bate-papo,general,True
chat-por-cidade-em-tempo-real-encontreSuaCidade,bate-papo,bate-papo,general,True
bate-papo-online-tempo-real-x-whatsapp,bate-papo,bate-papo,general,True
chat-de-voz-online-sem-camera,bate-papo,bate-papo,general,True
chat-anonimo-brasil-privacidade-total,bate-papo,bate-papo,general,True
chat-intercambio-idiomas-falantes-nativos,bate-papo,bate-papo,general,True
chat-video-gratis-brasil-conectar-agora,bate-papo,bate-papo,general,True
fazer-amigos-online-brasil-interesses,amizade,bate-papo|amizade,title,False
chat-natal-RN-cidade-novo-chat,amizade,bate-papo|amizade,context,True
video-chat-gratis-aposentados-terceira-idade-conexao-digital,amizade,bate-papo|amizade,context,True
bate-papo-online-meditacao-espiritualidade-comunidade-brasil,bate-papo,bate-papo,general,True
fazer-amigos-online-ciclistas-brasil-comunidade-pedal,amizade,bate-papo|amizade,title,False
video-chat-gratis-fazer-amigos-brasil-conhecer-pessoas,amizade,bate-papo|amizade,title,False
chat-por-cidade-brasil-encontrar-vizinhos-online,alternativas-uol,bate-papo|alternativas-uol|amizade,context,True
fazer-amigos-online-depois-dos-30-guia-adultos,amizade,bate-papo|amizade,title,False
chat-online-joao-pessoa-paraiba-nordeste,amizade,bate-papo|amizade,context,True
video-chat-gratis-celular-smartphone-brasil,amizade,bate-papo|amizade,context,True
chat-online-ribeirao-preto-interior-sp-conectado,amizade,bate-papo|amizade,context,True
chat-online-apos-luto-reconectar-perda-solidao,amizade,bate-papo|amizade,context,True
chat-online-caxias-do-sul-serra-gaucha-conectada,amizade,bate-papo|amizade,title,False
fazer-amigos-online-brasil-como-criar-conexoes-reais,amizade,bate-papo|amizade,title,False
chat-por-cidade-brasil-guia-completo-regioes-2026,amizade,bate-papo|amizade,context,True
bate-papo-online-gratis-brasil-sem-cadastro-entrar-agora,amizade,bate-papo|amizade,context,True
fazer-amigos-online-cidade-pequena-interior-brasil,amizade,bate-papo|amizade,title,False
video-chat-gratis-conhecer-pessoas-brasil-sem-app,amizade,bate-papo|amizade,context,True
alternativa-bate-papo-uol-chat-online-brasil-2026,alternativas-uol,bate-papo|alternativas-uol,title,False
video-chat-gratis-fas-series-filmes-papo-cinematografico,amizade,bate-papo|amizade,context,True
bate-papo-online-quem-mudou-de-estado-fazer-amigos-nova-cidade,amizade,bate-papo|amizade,title,False
chat-online-brasil-alternativa-bate-papo-grupos-whatsapp-saturados,amizade,bate-papo|amizade,title,False
video-chat-gratis-amigos-alternativa-zoom-meet-teams,amizade,bate-papo|amizade,title,False
bate-papo-online-portugues-plataformas-brasileiras-vs-gringas,amizade,bate-papo|amizade,context,True
fazer-amigos-online-interesse-nicho-especifico-comunidade,amizade,bate-papo|amizade,title,False
chat-online-novas-maes-maternidade-isolamento-conexao,amizade,bate-papo|amizade,context,True
bate-papo-online-trabalhadores-turno-noturno-plantao-madrugada,amizade,bate-papo|amizade,title,False
fazer-amigos-online-fas-kpop-anime-cultura-pop-asiatica-brasil,amizade,bate-papo|amizade,title,False
chat-online-inteligencia-emocional-empatia-conversas-digitais,amizade,bate-papo|amizade,context,True
fazer-amigos-online-cuidadores-familiares-chat-apoio,amizade,bate-papo|amizade,title,False
chat-por-cidade-vs-chat-nacional-como-escolher,amizade,bate-papo|amizade,title,False
bate-papo-online-perguntas-para-conhecer-pessoas-lista,bate-papo,bate-papo,general,True
fazer-amigos-online-pessoas-doencas-cronicas-apoio-comunidade,amizade,bate-papo|amizade,title,False
video-chat-gratis-funcionar-internet-lenta-dicas,bate-papo,bate-papo,general,True
chat-online-desempregados-recolocacao-apoio-emocional,bate-papo,bate-papo,general,True
bate-papo-online-aprender-portugues-brasileiro-estrangeiros,bate-papo,bate-papo,general,True
video-chat-gratis-praticar-comunicacao-oratoria-confianca,amizade,bate-papo|amizade,context,True
geracao-z-redescobre-bate-papo-online-salas-chat,amizade,bate-papo|amizade,context,True
chat-online-freelancers-autonomos-networking-2026,bate-papo,bate-papo,general,True
video-chat-gratis-grupos-estados-brasil,amizade,bate-papo|amizade,title,False
chat-online-plantao-noturno-trabalhadores-noite-brasil,bate-papo,bate-papo,general,True
bate-papo-online-rock-metal-punk-brasil-tribo-musical,amizade,bate-papo|amizade,context,True
fazer-amigos-online-atletas-esportes-fitness-brasil,amizade,bate-papo|amizade,title,False
bate-papo-online-fas-pagode-samba-mpb-comunidade-musical,amizade,bate-papo|amizade,context,True
chat-online-criativos-escritores-artistas-makers-brasil,amizade,bate-papo|amizade,context,True
chat-online-apoio-emocional-momentos-dificeis-brasil,bate-papo,bate-papo,general,True
fazer-amigos-online-tutores-pets-caes-gatos-brasil,amizade,bate-papo|amizade,title,False
bate-papo-online-viajantes-turismo-aventura-brasil,amizade,bate-papo|amizade,context,True
video-chat-gratis-pratica-idiomas-conversacao-online,bate-papo,bate-papo,general,True
chat-online-brasileiros-fora-do-brasil-expats-comunidade,bate-papo,bate-papo,general,True
bate-papo-online-madrugada-insonia-noturno-brasil,amizade,bate-papo|amizade,context,True
chat-online-pos-separacao-reconstruir-vida-social,amizade,bate-papo|amizade,title,False
chat-online-copa-do-mundo-2026-torcedores-brasil,bate-papo,bate-papo,general,True
fazer-amigos-online-estrangeiros-internacionais-chat,amizade,bate-papo|amizade,title,False
bate-papo-online-sao-joao-festas-juninas-2026,amizade,bate-papo|amizade,context,True
fazer-amigos-online-pouco-tempo-chat-rotina-corrida,amizade,bate-papo|amizade,title,False
bate-papo-online-reencontrar-amigos-infancia-velhos-lacos,amizade,bate-papo|amizade,title,False
video-chat-gratis-grupo-estudo-aprender-online-parceiros,amizade,bate-papo|amizade,title,False
fazer-amigos-online-fotografos-fotografia-comunidade-brasil,amizade,bate-papo|amizade,title,False
bate-papo-online-gastronomia-culinaria-encontrar-comunidade,amizade,bate-papo|amizade,context,True
chat-por-cidade-eventos-locais-agenda-cultural-online,amizade,bate-papo|amizade,context,True
fazer-amigos-online-mulheres-adultas-guia-brasil,amizade,bate-papo|amizade,title,False
bate-papo-online-feriados-brasil-encontrar-companhia,amizade,bate-papo|amizade,title,False
video-chat-gratis-qualidade-dicas-iluminacao-audio,amizade,bate-papo|amizade,context,True
chat-online-100-por-cento-gratis-mitos-verdades,amizade,bate-papo|amizade,context,True
melhores-horarios-para-conversar-chat-online-brasil,bate-papo,bate-papo,general,True
como-evitar-golpes-perfis-falsos-chats-online,amizade,bate-papo|amizade,context,True
chat-online-maternidade-paternidade-isolamento-novos-pais,amizade,bate-papo|amizade,context,True
bate-papo-online-estudantes-enem-vestibular-concursos-grupo,amizade,bate-papo|amizade,title,False
video-chat-gratis-grupos-hobbies-clubes-online-brasil,amizade,bate-papo|amizade,title,False
chat-online-veganos-vegetarianos-brasil-comunidade,amizade,bate-papo|amizade,context,True
bate-papo-online-familia-parentes-distantes-conexao,bate-papo,bate-papo,general,True
video-chat-gratis-clube-series-filmes-brasil,amizade,bate-papo|amizade,title,False
bate-papo-online-mitos-verdades-2026,bate-papo,bate-papo,general,True
video-chat-gratis-casais-distancia-relacionamento-online,paquera,bate-papo|paquera,title,False
fazer-amigos-online-apos-faculdade-vida-adulta-guia,amizade,bate-papo|amizade,title,False
chat-online-kpop-animes-cultura-asiatica-brasil,amizade,bate-papo|amizade,context,True
como-criar-comunidade-amigos-chat-online-brasil,amizade,bate-papo|amizade,title,False
chat-online-vs-discord-para-brasileiros-qual-escolher,amizade,bate-papo|amizade,context,True
bate-papo-online-segunda-feira-blue-monday-comecar-semana,amizade,bate-papo|amizade,context,True
video-chat-gratis-comemoracoes-aniversario-online-2026,amizade,bate-papo|amizade,title,False
chat-online-descobrir-brasil-regioes-culturas-diversidade,amizade,bate-papo|amizade,context,True
video-chat-gratis-fazer-amigos-verdadeiros-online,amizade,bate-papo|amizade,title,False
bate-papo-online-nordeste-brasil-9-estados,amizade,bate-papo|amizade,context,True
alternativa-bate-papo-uol-video-chat-recursos-modernos,alternativas-uol,bate-papo|alternativas-uol|amizade,title,True
video-chat-gratis-celular-guia-completo-android-ios,amizade,bate-papo|amizade,context,True
bate-papo-online-grupo-amigos-distancia-ferramenta,amizade,bate-papo|amizade,title,False
alternativa-bate-papo-uol-namoro-paquera-2026,alternativas-uol,bate-papo|alternativas-uol|paquera,title,True
melhores-apelidos-para-chat-online-nickname-perfeito,bate-papo,bate-papo,general,True
chat-online-para-homens-fazer-amigos-conexoes-masculinas,amizade,bate-papo|amizade,title,False
video-chat-gratis-dicas-primeira-conversa-virtual,amizade,bate-papo|amizade,context,True
fazer-amigos-online-pelo-interesse-gastronomia-filmes-musica,amizade,bate-papo|amizade,title,False
chat-online-para-quem-mudou-de-cidade-vida-social,amizade,bate-papo|amizade,title,False
bate-papo-online-entre-geracoes-jovens-idosos-conexao,amizade,bate-papo|amizade,context,True
chat-online-palmas-tocantins-capital-mais-jovem,bate-papo,bate-papo,general,True
bate-papo-online-livros-clube-leitura-virtual,bate-papo,bate-papo,general,True
chat-online-tdah-neurodivergentes-brasil,amizade,bate-papo|amizade,context,True
chat-online-osasco-grande-sao-paulo,amizade,bate-papo|amizade,context,True
por-que-adultos-dificuldade-fazer-amigos-chat-online,amizade,bate-papo|amizade,title,False
video-chat-gratis-primeiro-encontro-virtual-dicas,amizade,bate-papo|amizade,context,True
chat-online-viajantes-mochileiros-brasil,amizade,bate-papo|amizade,title,False
como-lidar-rejeicao-chat-online-resiliencia,amizade,bate-papo|amizade,context,True
chat-online-professores-educadores-brasil,amizade,bate-papo|amizade,context,True
chat-online-vs-whatsapp-grupos-qual-melhor-conversar,amizade,bate-papo|amizade,title,False
como-manter-conversa-interessante-chat-online-dicas,bate-papo,bate-papo,general,True
chat-online-para-fas-de-futebol-esportes-brasil,jogos,bate-papo|jogos,context,True
fazer-amigos-online-depois-dos-30-guia,amizade,bate-papo|amizade,title,False
video-chat-gratis-em-grupo-conversar-amigos,amizade,bate-papo|amizade,title,False
chat-online-seguro-para-mulheres-dicas-2026,bate-papo,bate-papo,general,True
como-conhecer-pessoas-outros-estados-chat-online,amizade,bate-papo|amizade,context,True
melhores-horarios-usar-chat-online-brasil,bate-papo,bate-papo,general,True
chat-online-para-aprender-idiomas-intercambio-virtual,amizade,bate-papo|amizade,context,True
chat-online-fim-de-semana-o-que-fazer,jogos,bate-papo|jogos|amizade,context,True
melhor-alternativa-omegle-brasileira-2026,amizade,bate-papo|amizade,title,False
chat-online-para-quem-mora-sozinho,amizade,bate-papo|amizade,context,True
chat-online-goiania-centro-oeste,amizade,bate-papo|amizade,context,True
como-proteger-filhos-chat-online-guia-pais,bate-papo,bate-papo,general,True
chat-online-joinville-santa-catarina-industria,amizade,bate-papo|amizade,context,True
chat-para-pet-lovers-donos-animais-brasil,amizade,bate-papo|amizade,context,True
como-transformar-amizade-virtual-encontro-presencial,amizade,bate-papo|amizade,title,False
chat-online-uberlandia-minas-gerais-triangulo,amizade,bate-papo|amizade,title,False
como-saber-se-chat-online-seguro-confiavel-2026,bate-papo,bate-papo,general,True
chat-online-inteligencia-artificial-generativa-2026,bate-papo,bate-papo,general,True
chat-online-gratis-2026-sem-pagar-nada,bate-papo,bate-papo,general,True
chat-online-floripa-litoral-catarinense-verao,amizade,bate-papo|amizade,context,True
chat-seguro-dicas-proteger-identidade-online,bate-papo,bate-papo,general,True
chat-para-maiores-de-50-terceira-idade-online,adultos,bate-papo|adultos|amizade,context,True
futuro-chat-online-ia-realidade-virtual-2026,bate-papo,bate-papo,general,True
chat-para-solteiros-app-namoro-vs-bate-papo,paquera,bate-papo|paquera,title,False
chat-online-dia-das-maes-conectar-familia,amizade,bate-papo|amizade,context,True
chat-online-gratis-sem-email-entrar-rapido,amizade,bate-papo|amizade,context,True
chat-online-madrugada-conversar-noite-insonia,bate-papo,bate-papo,general,True
chat-online-carnaval-2026-conhecer-pessoas-folia,amizade,bate-papo|amizade,context,True
como-iniciar-conversa-chat-online-abordagem,bate-papo,bate-papo,general,True
chat-online-ansiedade-social-terapia-digital,bate-papo,bate-papo,general,True
chat-online-santos-litoral-paulista,amizade,bate-papo|amizade,context,True
chat-para-nerds-geeks-cultura-pop-brasil,amizade,bate-papo|amizade,context,True
chat-por-voz-ia-conversacional-tendencias-2026,bate-papo,bate-papo,general,True
amizade-longa-distancia-online-manter-conexao,amizade,bate-papo|amizade,title,False
como-denunciar-assedio-chat-online-guia-seguranca,bate-papo,bate-papo,general,True
chat-online-niteroi-regiao-metropolitana-rj,amizade,bate-papo|amizade,context,True
chat-online-sorocaba-interior-sp-conectado,amizade,bate-papo|amizade,context,True
chat-para-musicos-encontrar-bandas-parcerias,amizade,bate-papo|amizade,context,True
como-proteger-privacidade-wifi-publico-chat,bate-papo,bate-papo,general,True
chat-online-guarulhos-grande-sao-paulo,amizade,bate-papo|amizade,context,True
melhor-app-bate-papo-celular-2026,bate-papo,bate-papo,general,True
amizade-virtual-duradoura-manter-conexao-online,amizade,bate-papo|amizade,title,False
chat-online-maceio-alagoas-nordeste,amizade,bate-papo|amizade,title,False
chat-para-expatriados-brasileiros-exterior-2026,amizade,bate-papo|amizade,context,True
chat-online-gratuito-vs-pago-vale-a-pena,bate-papo,bate-papo,general,True
chat-online-porto-velho-rondonia-norte,amizade,bate-papo|amizade,context,True
etiqueta-chat-online-regras-boas-maneiras,bate-papo,bate-papo,general,True
chat-online-empreendedores-networking-negocios,bate-papo,bate-papo,general,True
chat-ao-vivo-gratis-brasil-tempo-real,amizade,bate-papo|amizade,context,True
bate-papo-uol-gratis-nostalgia-chat-brasileiro,alternativas-uol,bate-papo|alternativas-uol,title,False
salas-tematicas-encontre-pessoas-interesses,amizade,bate-papo|amizade,context,True
conversar-com-desconhecidos-online-gratis,bate-papo,bate-papo,general,True
chat-online-introvertidos-socializar-sem-pressao,amizade,bate-papo|amizade,title,False
chatroulette-brasil-omegle-brasileiro-2026,amizade,bate-papo|amizade,context,True
site-pra-conversar-agora-sem-cadastro,amizade,bate-papo|amizade,context,True
disque-amizade-vs-omegle-qual-melhor,amizade,bate-papo|amizade,title,False
melhores-apps-chat-aleatorio-2026,bate-papo,bate-papo,general,True
chat-aleatorio-vs-chat-por-interesse,amizade,bate-papo|amizade,context,True
top-10-sites-bate-papo-online-brasil-2026,bate-papo,bate-papo,general,True
mascaras-filtros-video-chat-como-usar,amizade,bate-papo|amizade,context,True
roleta-video-como-funciona-disque-amizade,amizade,bate-papo|amizade,title,False
modo-escuro-dark-room-chat-anonimo-seguro,amizade,bate-papo|amizade,title,False
chat-emojis-reacoes-ao-vivo,amizade,bate-papo|amizade,title,False
por-que-conversamos-estranhos-internet-psicologia,bate-papo,bate-papo,general,True
solidao-digital-chat-online-combate-isolamento,bate-papo,bate-papo,general,True
historia-chat-online-brasil-irc-mirc-disque-amizade,amizade,bate-papo|amizade,title,False
chat-anonimo-sem-login-entrar-conversar,amizade,bate-papo|amizade,context,True
chat-para-fazer-amigos-brasileiros-online,amizade,bate-papo|amizade,title,False
chat-para-maes-brasileiras-comunidade-materna-online,amizade,bate-papo|amizade,title,False
sites-chat-brasil-ranking-fevereiro-2026,bate-papo,bate-papo,general,True
chat-online-networking-profissional-carreira,amizade,bate-papo|amizade,context,True
chat-seguro-adolescentes-guia-pais-2026,bate-papo,bate-papo,general,True
metaverso-chat-online-realidade-aumentada-2026,bate-papo,bate-papo,general,True
chat-online-teresina-piaui-nordeste,amizade,bate-papo|amizade,context,True
chat-para-divorciados-recomeco-online,amizade,bate-papo|amizade,title,False
inteligencia-artificial-ia-chat-online-moderacao-2026,bate-papo,bate-papo,general,True
chat-online-aracaju-sergipe-nordeste,amizade,bate-papo|amizade,title,False
chat-para-pessoas-com-deficiencia-acessibilidade-digital,bate-papo,bate-papo,general,True
chat-online-londrina-parana-interior,amizade,bate-papo|amizade,context,True
chat-online-macapa-amapa-norte-brasil,amizade,bate-papo|amizade,context,True
chat-seguro-online-proteger-dados-pessoais,bate-papo,bate-papo,general,True
ia-em-conversas-online-chatbots-moderacao-2026,bate-papo,bate-papo,general,True
chat-online-ribeirão-preto-interior-sp,amizade,bate-papo|amizade,context,True
sites-de-chat-brasil-melhores-opcoes-2026,bate-papo,bate-papo,general,True
chat-para-quem-trabalha-home-office-combater-isolamento,bate-papo,bate-papo,general,True
chat-online-belem-para-amazonia,amizade,bate-papo|amizade,context,True
chat-para-estudantes-universitarios-brasil,amizade,bate-papo|amizade,context,True
privacidade-em-chat-online-guia-completo-2026,amizade,bate-papo|amizade,context,True
chat-online-cuiaba-mato-grosso-centro-oeste,amizade,bate-papo|amizade,context,True
como-escolher-melhor-sala-de-chat-online,bate-papo,bate-papo,general,True
chat-online-natal-rio-grande-norte-nordeste,amizade,bate-papo|amizade,title,False
chat-online-gratis-sem-baixar-aplicativo-navegador,bate-papo,bate-papo,general,True
chat-brasileiros-no-exterior-matar-saudade,amizade,bate-papo|amizade,context,True
como-evitar-golpes-em-chats-online-dicas-seguranca,bate-papo,bate-papo,general,True
chat-online-campo-grande-mato-grosso-do-sul,amizade,bate-papo|amizade,context,True
chat-para-gamers-brasil-jogadores-online,jogos,bate-papo|jogos|amizade,title,True
chat-online-vs-redes-sociais-comparativo-2026,bate-papo,bate-papo,general,True
chat-online-sao-luis-maranhao-nordeste,amizade,bate-papo|amizade,context,True
chat-online-celular-como-usar-mobile,amizade,bate-papo|amizade,context,True
chat-online-joao-pessoa-paraiba,amizade,bate-papo|amizade,context,True
saude-mental-chat-online-combater-solidao,bate-papo,bate-papo,general,True
chat-para-praticar-idiomas-intercambio-digital,amizade,bate-papo|amizade,context,True
chat-para-casais-atividades-online-juntos,paquera,bate-papo|paquera,title,False
melhor-chat-online-2026-ranking-sites-brasil,bate-papo,bate-papo,general,True
chat-online-recife-pernambuco-cultura,amizade,bate-papo|amizade,context,True
chat-cristao-online-comunidade-fe-digital,amizade,bate-papo|amizade,context,True
roleta-de-chat-como-funciona-por-que-vicia,bate-papo,bate-papo,general,True
trabalho-remoto-solidao-chat-online-solucao,bate-papo,bate-papo,general,True
chat-online-manaus-norte-brasil-conectado,amizade,bate-papo|amizade,context,True
videochamada-online-gratis-sem-cadastro,bate-papo,bate-papo,general,True
conhecer-pessoas-online-dicas-2026,amizade,bate-papo|amizade,context,True
chat-online-goiania-goias-cerrado,amizade,bate-papo|amizade,context,True
chat-anonimo-brasil-conversar-sem-identificacao,amizade,bate-papo|amizade,context,True
chat-online-florianopolis-santa-catarina,amizade,bate-papo|amizade,context,True
futuro-do-chat-online-tendencias-2026-2030,bate-papo,bate-papo,general,True
chat-online-sem-cadastro-entrar-conversar-agora,amizade,bate-papo|amizade,context,True
chat-de-voz-online-brasil-conversar-sem-camera,bate-papo,bate-papo,general,True
chat-online-campinas-interior-sao-paulo,amizade,bate-papo|amizade,context,True
relacionamentos-que-comecaram-no-chat-online,paquera,bate-papo|paquera|amizade,context,True
chat-online-vitoria-espirito-santo-capixabas,amizade,bate-papo|amizade,title,False
como-superar-timidez-em-chats-online-passo-a-passo,bate-papo,bate-papo,general,True
chat-online-brasil-gratis-guia-completo,amizade,bate-papo|amizade,title,False
bate-papo-online-2026-como-funciona,amizade,bate-papo|amizade,context,True
video-chat-brasil-pessoas-reais-camera-ao-vivo,amizade,bate-papo|amizade,context,True
alternativas-bate-papo-uol-plataformas,alternativas-uol,bate-papo|alternativas-uol,title,False
chat-com-camera-gratis-conversar-video,amizade,bate-papo|amizade,context,True
salas-de-chat-por-cidade-brasil,amizade,bate-papo|amizade,context,True
como-fazer-amigos-online-2026-guia-pratico,amizade,bate-papo|amizade,title,False
chat-adulto-seguro-privacidade,adultos,bate-papo|adultos,title,False
paquera-online-flertar-salas-de-chat,paquera,bate-papo|paquera,title,False
chat-online-sao-paulo-maior-cidade-brasil,amizade,bate-papo|amizade,context,True
omegle-acabou-alternativas-brasileiras-2026,bate-papo,bate-papo,general,True
seguranca-chat-online-10-dicas-privacidade,bate-papo,bate-papo,general,True
chat-online-rio-de-janeiro-cariocas,amizade,bate-papo|amizade,context,True
chat-para-maiores-de-40-amizade-maturidade,amizade,bate-papo|amizade,title,False
inteligencia-artificial-chat-online-futuro-conversas,bate-papo,bate-papo,general,True
chat-online-belo-horizonte-mineiros,amizade,bate-papo|amizade,context,True
chat-para-solteiros-conhecer-pessoas-2026,paquera,bate-papo|paquera,title,False
chat-online-curitiba-paranaenses-conectados,amizade,bate-papo|amizade,context,True
amizade-virtual-como-manter-amigos-online,amizade,bate-papo|amizade,title,False
chat-online-salvador-bahia-axe-digital,amizade,bate-papo|amizade,context,True
chat-online-porto-alegre-gauchos,amizade,bate-papo|amizade,context,True
chat-online-fortaleza-ceara-nordeste,amizade,bate-papo|amizade,context,True
chat-para-idosos-terceira-idade-combater-solidao,amizade,bate-papo|amizade,context,True
chat-lgbtq-brasil-espaco-seguro-comunidade,amizade,bate-papo|amizade,context,True
chat-online-brasilia-capital-federal-conectada,amizade,bate-papo|amizade,context,True
